Staff_Name,Role,Max_Hours,Mon_Unavail,Mon_Pref,Tue_Unavail,Tue_Pref,Wed_Unavail,Wed_Pref,Thu_Unavail,Thu_Pref,Fri_Unavail,Fri_Pref,Sat_Unavail,Sat_Pref,Sun_Unavail,Sun_Pref
Alice,Server,40,08:00-12:00,17:00-22:00,,17:00-22:00,,17:00-22:00,08:00-10:00;14:00-15:00,16:00-22:00,,12:00-22:00,00:00-23:59,,00:00-23:59,
Bob,Cook,35,,06:00-14:00,14:00-16:00,,00:00-23:59,,,06:00-14:00,15:00-18:00,06:00-14:00,,,10:00-18:00
Charlie,Server,20,00:00-23:59,,00:00-23:59,,00:00-23:59,,00:00-23:59,,00:00-23:59,,18:00-23:00,,10:00-20:00,
Diana,Manager,45,09:00-10:00,,09:00-10:00,,09:00-10:00,,09:00-10:00,,09:00-10:00,,,,00:00-23:59,
Evan,Busser,15,08:00-12:00;13:00-15:00,18:00-22:00,,18:00-22:00,,18:00-22:00,,,,17:00-23:00,,,